{"cameraMode":{"drawMode":0,"name":"Shaded","section":"Shading Mode"},"sceneLighting":false,"audioPlay":false,"sceneViewState":{"m_AlwaysRefresh":false,"showFog":true,"showSkybox":false,"showFlares":true,"showImageEffects":true,"showParticleSystems":true,"showVisualEffectGraphs":true,"m_FxEnabled":true},"in2DMode":false,"pivot":{"x":-0.0000011920928955078126,"y":-0.002230525016784668,"z":0.0007255077362060547},"rotation":{"x":0.16197548806667329,"y":0.6396466493606567,"z":-0.14035390317440034,"w":0.7381899952888489},"size":7.3523077964782719,"orthographic":false}