{"cameraMode":{"drawMode":0,"name":"Shaded","section":"Shading Mode"},"sceneLighting":false,"audioPlay":false,"sceneViewState":{"m_AlwaysRefresh":false,"showFog":true,"showSkybox":false,"showFlares":true,"showImageEffects":true,"showParticleSystems":true,"showVisualEffectGraphs":true,"m_FxEnabled":true},"in2DMode":false,"pivot":{"x":-0.0000026226043701171877,"y":0.10261714458465576,"z":0.002058267593383789},"rotation":{"x":0.16197548806667329,"y":0.6396466493606567,"z":-0.14035390317440034,"w":0.7381899952888489},"size":7.165733337402344,"orthographic":false}