{"cameraMode":{"drawMode":0,"name":"Shaded","section":"Shading Mode"},"sceneLighting":true,"audioPlay":false,"sceneViewState":{"m_AlwaysRefresh":false,"showFog":true,"showSkybox":true,"showFlares":true,"showImageEffects":true,"showParticleSystems":true,"showVisualEffectGraphs":true,"m_FxEnabled":true},"in2DMode":false,"pivot":{"x":608.9166870117188,"y":208.95680236816407,"z":358.9327087402344},"rotation":{"x":-0.22842122614383698,"y":0.6725435256958008,"z":-0.23103901743888856,"w":-0.6649290323257446},"size":187.47488403320313,"orthographic":true}