{"cameraMode":{"drawMode":0,"name":"Shaded","section":"Shading Mode"},"sceneLighting":false,"audioPlay":false,"sceneViewState":{"m_AlwaysRefresh":false,"showFog":true,"showSkybox":false,"showFlares":true,"showImageEffects":true,"showParticleSystems":true,"showVisualEffectGraphs":true,"m_FxEnabled":true},"in2DMode":false,"pivot":{"x":0.000001430511474609375,"y":0.2451188564300537,"z":-0.0024938583374023439},"rotation":{"x":0.16197548806667329,"y":0.6396466493606567,"z":-0.14035390317440034,"w":0.7381899952888489},"size":8.124885559082032,"orthographic":false}